{"cameraMode":{"drawMode":0,"name":"Shaded","section":"Shading Mode"},"sceneLighting":true,"audioPlay":false,"sceneViewState":{"showFog":true,"showMaterialUpdate":false,"showSkybox":true,"showFlares":true,"showImageEffects":true,"showParticleSystems":true},"in2DMode":false,"pivot":{"x":4.436574459075928,"y":-54.43914031982422,"z":6.09339714050293},"rotation":{"x":0.38813117146492007,"y":0.21231196820735932,"z":-0.09241561591625214,"w":0.8920580744743347},"size":79.47576904296875,"orthographic":false}