{"cameraMode":{"drawMode":0,"name":"Shaded","section":"Shading Mode"},"sceneLighting":true,"audioPlay":false,"sceneViewState":{"showFog":true,"showMaterialUpdate":false,"showSkybox":true,"showFlares":true,"showImageEffects":true,"showParticleSystems":true},"in2DMode":false,"pivot":{"x":18.88741111755371,"y":-0.6676012277603149,"z":-7.605973243713379},"rotation":{"x":-0.15783967077732087,"y":-0.8393313884735107,"z":0.3283703923225403,"w":-0.40360572934150698},"size":24.485273361206056,"orthographic":true}