{"cameraMode":{"drawMode":0,"name":"Shaded","section":"Shading Mode"},"sceneLighting":true,"audioPlay":false,"sceneViewState":{"showFog":true,"showMaterialUpdate":false,"showSkybox":true,"showFlares":true,"showImageEffects":true,"showParticleSystems":true},"in2DMode":false,"pivot":{"x":14.098280906677246,"y":4.126855373382568,"z":8.425623893737793},"rotation":{"x":0.27175095677375796,"y":-0.5281075835227966,"z":0.1832166314125061,"w":0.7834479212760925},"size":16.944347381591798,"orthographic":true}