{"cameraMode":{"drawMode":0,"name":"Shaded","section":"Shading Mode"},"sceneLighting":false,"audioPlay":false,"sceneViewState":{"showFog":true,"showMaterialUpdate":false,"showSkybox":false,"showFlares":true,"showImageEffects":true,"showParticleSystems":true},"in2DMode":false,"pivot":{"x":-0.7126966714859009,"y":-0.038600414991378787,"z":0.23134231567382813},"rotation":{"x":-0.009590394794940949,"y":-0.9703465700149536,"z":0.2383841872215271,"w":-0.039031967520713809},"size":2.837871789932251,"orthographic":true}