{"cameraMode":{"drawMode":0,"name":"Shaded","section":"Shading Mode"},"sceneLighting":true,"audioPlay":false,"sceneViewState":{"showFog":true,"showMaterialUpdate":false,"showSkybox":true,"showFlares":true,"showImageEffects":true,"showParticleSystems":true},"in2DMode":false,"pivot":{"x":12.2444429397583,"y":-0.17100000381469727,"z":16.372833251953126},"rotation":{"x":-0.1701638549566269,"y":-0.5369766354560852,"z":0.11157003790140152,"w":-0.8187601566314697},"size":10.0,"orthographic":true}