{"cameraMode":{"drawMode":0,"name":"Shaded","section":"Shading Mode"},"sceneLighting":true,"audioPlay":false,"sceneViewState":{"showFog":true,"showMaterialUpdate":false,"showSkybox":true,"showFlares":true,"showImageEffects":true,"showParticleSystems":true},"in2DMode":false,"pivot":{"x":18.731796264648439,"y":-2.7749056816101076,"z":3.555253028869629},"rotation":{"x":0.008037826046347618,"y":-0.7668654322624207,"z":0.6418675780296326,"w":0.009717797860503197},"size":238.93539428710938,"orthographic":true}