{"cameraMode":{"drawMode":0,"name":"Shaded","section":"Shading Mode"},"sceneLighting":true,"audioPlay":false,"sceneViewState":{"showFog":true,"showMaterialUpdate":false,"showSkybox":true,"showFlares":true,"showImageEffects":true,"showParticleSystems":true},"in2DMode":false,"pivot":{"x":-52.58597946166992,"y":-42.35427474975586,"z":-189.0406951904297},"rotation":{"x":0.24715174734592439,"y":0.7187502384185791,"z":-0.31145039200782778,"w":0.5703649520874023},"size":241.29962158203126,"orthographic":false}