{"cameraMode":{"drawMode":0,"name":"Shaded","section":"Shading Mode"},"sceneLighting":true,"audioPlay":false,"sceneViewState":{"showFog":true,"showMaterialUpdate":false,"showSkybox":true,"showFlares":true,"showImageEffects":true,"showParticleSystems":true},"in2DMode":false,"pivot":{"x":0.001519918441772461,"y":0.45076119899749758,"z":15.228501319885254},"rotation":{"x":0.05198130011558533,"y":0.9036266207695007,"z":-0.4094005525112152,"w":0.11473548412322998},"size":6.469045639038086,"orthographic":false}