{"cameraMode":{"drawMode":0,"name":"Shaded","section":"Shading Mode"},"sceneLighting":true,"audioPlay":false,"sceneViewState":{"showFog":true,"showMaterialUpdate":false,"showSkybox":true,"showFlares":true,"showImageEffects":true,"showParticleSystems":true},"in2DMode":false,"pivot":{"x":12.049466133117676,"y":-0.17100653052330018,"z":16.947509765625},"rotation":{"x":-0.1701638549566269,"y":-0.5369766354560852,"z":0.11157003790140152,"w":-0.8187601566314697},"size":7.244753360748291,"orthographic":true}