{"cameraMode":{"drawMode":0,"name":"Shaded","section":"Shading Mode"},"sceneLighting":false,"audioPlay":false,"sceneViewState":{"showFog":true,"showMaterialUpdate":false,"showSkybox":false,"showFlares":true,"showImageEffects":true,"showParticleSystems":true},"in2DMode":false,"pivot":{"x":-0.6240510940551758,"y":1.9548077583312989,"z":-1.238612174987793},"rotation":{"x":0.0515776127576828,"y":0.8991796970367432,"z":-0.42048412561416628,"w":0.11069850623607636},"size":7.533296585083008,"orthographic":true}