{"cameraMode":{"drawMode":0,"name":"Shaded","section":"Shading Mode"},"sceneLighting":true,"audioPlay":false,"sceneViewState":{"showFog":true,"showMaterialUpdate":false,"showSkybox":true,"showFlares":true,"showImageEffects":true,"showParticleSystems":true},"in2DMode":false,"pivot":{"x":22.20830535888672,"y":-12.758946418762207,"z":26.961040496826173},"rotation":{"x":0.2882387042045593,"y":0.3992960453033447,"z":-0.13382865488529206,"w":0.8599882125854492},"size":26.88376235961914,"orthographic":false}