{"cameraMode":{"drawMode":0,"name":"Shaded","section":"Shading Mode"},"sceneLighting":true,"audioPlay":false,"sceneViewState":{"showFog":true,"showMaterialUpdate":false,"showSkybox":true,"showFlares":true,"showImageEffects":true,"showParticleSystems":true},"in2DMode":false,"pivot":{"x":12.045578002929688,"y":9.636677742004395,"z":18.938472747802736},"rotation":{"x":0.04964425414800644,"y":-0.8899937868118286,"z":0.44247177243232729,"w":0.09937319904565811},"size":47.3902702331543,"orthographic":true}