{"cameraMode":{"drawMode":0,"name":"Shaded","section":"Shading Mode"},"sceneLighting":true,"audioPlay":false,"sceneViewState":{"showFog":true,"showMaterialUpdate":false,"showSkybox":true,"showFlares":true,"showImageEffects":true,"showParticleSystems":true},"in2DMode":false,"pivot":{"x":102.74849700927735,"y":76.81185150146485,"z":-96.14199829101563},"rotation":{"x":0.13089710474014283,"y":0.8430996537208557,"z":-0.4643171727657318,"w":0.2376987189054489},"size":4.4805006980896,"orthographic":true}