{"cameraMode":{"drawMode":0,"name":"Shaded","section":"Shading Mode"},"sceneLighting":true,"audioPlay":false,"sceneViewState":{"showFog":true,"showMaterialUpdate":false,"showSkybox":true,"showFlares":true,"showImageEffects":true,"showParticleSystems":true},"in2DMode":false,"pivot":{"x":-28.44961166381836,"y":21.2294864654541,"z":-10.5508451461792},"rotation":{"x":0.2651675045490265,"y":0.3720646798610687,"z":-0.11179789155721665,"w":0.882474958896637},"size":10.422195434570313,"orthographic":false}