{"cameraMode":{"drawMode":0,"name":"Shaded","section":"Shading Mode"},"sceneLighting":false,"audioPlay":false,"sceneViewState":{"showFog":true,"showMaterialUpdate":false,"showSkybox":false,"showFlares":true,"showImageEffects":true,"showParticleSystems":true},"in2DMode":false,"pivot":{"x":-0.37741994857788088,"y":0.02950119972229004,"z":-0.20786118507385255},"rotation":{"x":0.40510672330856326,"y":0.2972729206085205,"z":-0.14127884805202485,"w":0.8530377149581909},"size":3.951843023300171,"orthographic":true}