{"cameraMode":{"drawMode":0,"name":"Shaded","section":"Shading Mode"},"sceneLighting":true,"audioPlay":false,"sceneViewState":{"showFog":true,"showMaterialUpdate":false,"showSkybox":true,"showFlares":true,"showImageEffects":true,"showParticleSystems":true},"in2DMode":false,"pivot":{"x":18.731796264648439,"y":-2.7749056816101076,"z":3.555253028869629},"rotation":{"x":-0.37695878744125368,"y":-0.17438071966171266,"z":0.07233735173940659,"w":-0.9069164991378784},"size":238.93539428710938,"orthographic":true}