{"cameraMode":{"drawMode":0,"name":"Shaded","section":"Shading Mode"},"sceneLighting":true,"audioPlay":false,"sceneViewState":{"showFog":true,"showMaterialUpdate":false,"showSkybox":true,"showFlares":true,"showImageEffects":true,"showParticleSystems":true},"in2DMode":false,"pivot":{"x":-0.24930191040039063,"y":4.075191497802734,"z":4.290008544921875},"rotation":{"x":0.32179173827171328,"y":-0.2160949409008026,"z":0.0756579339504242,"w":0.918729305267334},"size":18.680402755737306,"orthographic":true}