{"cameraMode":{"drawMode":0,"name":"Shaded","section":"Shading Mode"},"sceneLighting":true,"audioPlay":false,"sceneViewState":{"showFog":true,"showMaterialUpdate":false,"showSkybox":true,"showFlares":true,"showImageEffects":true,"showParticleSystems":true},"in2DMode":false,"pivot":{"x":-0.20907239615917207,"y":6.045531272888184,"z":2.254060745239258},"rotation":{"x":0.5107759833335877,"y":-0.06691879779100418,"z":0.0399206280708313,"w":0.8561806082725525},"size":23.151826858520509,"orthographic":true}