{"cameraMode":{"drawMode":0,"name":"Shaded","section":"Shading Mode"},"sceneLighting":true,"audioPlay":false,"sceneViewState":{"showFog":true,"showMaterialUpdate":false,"showSkybox":true,"showFlares":true,"showImageEffects":true,"showParticleSystems":true},"in2DMode":false,"pivot":{"x":-0.20907239615917207,"y":6.045531272888184,"z":2.254060745239258},"rotation":{"x":0.32179173827171328,"y":-0.2160949409008026,"z":0.0756579339504242,"w":0.918729305267334},"size":15.443843841552735,"orthographic":true}